State,Season,Total Specimens,Total A,Total B,A (Subtype N/A),A (2009 H1N1),A (H3),A (H3N2v),A (H5),B (Subtype N/A),BVic,BYam
Alabama,Season 2010-11,3318,375,473,32,146,197,0,0,473,0,0
Alabama,Season 2011-12,2082,134,4,5,9,120,0,0,4,0,0
Alabama,Season 2012-13,2627,406,69,6,5,395,0,0,69,0,0
Alabama,Season 2013-14,2258,155,21,17,98,40,0,0,21,0,0
Alabama,Season 2014-15,7667,897,208,706,4,187,0,0,208,0,0
Alabama,Season 2015-16,9406,523,77,427,59,37,0,0,73,2,2
Alabama,Season 2016-17,25488,1834,1043,1604,3,227,0,0,1014,15,14
Alabama,Season 2017-18,30756,4053,1407,3718,131,204,0,0,1337,4,66
Alabama,Season 2018-19,21984,2191,139,1987,42,162,0,0,119,20,0
Alabama,Season 2019-20,25694,1764,1096,1584,174,6,0,0,973,123,0
Alabama,Season 2020-21,25527,143,120,143,0,0,0,0,120,0,0
Alabama,Season 2021-22,30279,414,12,191,0,223,0,0,12,0,0
Alabama,Season 2022-23,14213,1334,10,1315,2,17,0,0,10,0,0
Alabama,Season 2023-24,16716,1062,1110,1062,0,0,0,0,1110,0,0
Alabama,Season 2023-24 ,498,39,13,2,28,9,0,0,0,13,0
Alabama,Season 2024-25,8289,1321,11,1059,97,165,0,0,11,0,0
Alabama,Season 2025-26,595,126,0,126,0,0,0,0,0,0,0
Alaska,Season 2010-11,3014,885,39,13,343,529,0,0,39,0,0
Alaska,Season 2011-12,3042,305,207,1,113,191,0,0,207,0,0
Alaska,Season 2012-13,3114,551,217,9,9,533,0,0,217,0,0
Alaska,Season 2013-14,2843,602,64,1,484,117,0,0,64,0,0
Alaska,Season 2014-15,3701,848,155,76,21,751,0,0,155,0,0
Alaska,Season 2015-16,5095,768,252,58,607,103,0,0,249,1,2
Alaska,Season 2016-17,5222,922,265,3,14,905,0,0,252,2,11
Alaska,Season 2017-18,3745,858,360,34,173,651,0,0,354,1,5
Alaska,Season 2018-19,4899,1686,99,56,718,912,0,0,99,0,0
Alaska,Season 2019-20,2091,151,398,24,102,25,0,0,398,0,0
Alaska,Season 2020-21,239,6,5,3,1,2,0,0,5,0,0
Alaska,Season 2021-22,1228,239,13,28,0,211,0,0,5,8,0
Alaska,Season 2022-23,2696,764,13,203,125,436,0,0,3,10,0
Alaska,Season 2023-24 ,91,9,1,2,7,0,0,0,1,0,0
Alaska,Season 2024-25,631,256,14,30,83,143,0,0,1,13,0
Arizona,Season 2010-11,5112,1755,395,25,446,1284,0,0,395,0,0
Arizona,Season 2011-12,3517,840,137,26,452,362,0,0,137,0,0
Arizona,Season 2012-13,4425,1556,428,31,62,1463,0,0,428,0,0
Arizona,Season 2013-14,4237,1476,415,31,1149,296,0,0,415,0,0
Arizona,Season 2014-15,6689,2138,207,92,192,1854,0,0,207,0,0
Arizona,Season 2015-16,5957,1831,533,291,762,778,0,0,76,58,399
Arizona,Season 2016-17,11525,1979,1075,286,63,1630,0,0,270,227,578
Arizona,Season 2017-18,14854,3161,1268,926,180,2055,0,0,351,197,720
Arizona,Season 2018-19,14577,2688,104,868,1192,628,0,0,52,30,22
Arizona,Season 2019-20,14030,1489,1214,824,632,33,0,0,646,560,8
Arizona,Season 2020-21,7413,25,74,23,1,1,0,0,73,1,0
Arizona,Season 2021-22,15686,1321,6,584,0,737,0,0,2,4,0
Arizona,Season 2022-23,13625,1406,208,666,227,513,0,0,72,136,0
Arizona,Season 2023-24,13868,767,723,767,0,0,0,0,723,0,0
Arizona,Season 2023-24 ,3530,706,225,11,536,159,0,0,5,220,0
Arizona,Season 2024-25,16196,3815,216,3747,18,48,0,2,213,3,0
Arizona,Season 2025-26,1144,381,9,381,0,0,0,0,9,0,0
Arkansas,Season 2010-11,2125,256,216,26,107,123,0,0,216,0,0
Arkansas,Season 2011-12,1031,57,13,2,16,39,0,0,13,0,0
Arkansas,Season 2012-13,1850,245,145,97,12,136,0,0,145,0,0
Arkansas,Season 2013-14,1946,274,9,114,140,20,0,0,9,0,0
Arkansas,Season 2014-15,3731,763,215,544,20,199,0,0,215,0,0
Arkansas,Season 2015-16,2449,151,134,99,20,32,0,0,122,12,0
Arkansas,Season 2016-17,3356,358,77,307,0,51,0,0,73,4,0
Arkansas,Season 2017-18,8645,1237,1057,1115,21,101,0,0,1014,0,43
Arkansas,Season 2018-19,11435,2636,123,2493,74,69,0,0,121,2,0
Arkansas,Season 2019-20,9463,1247,1351,1100,146,1,0,0,1306,45,0
Arkansas,Season 2020-21,6318,33,50,33,0,0,0,0,50,0,0
Arkansas,Season 2021-22,76524,1718,55,1532,0,186,0,0,55,0,0
Arkansas,Season 2022-23,26793,2947,94,2818,99,30,0,0,92,2,0
Arkansas,Season 2023-24,18216,2475,1174,2475,0,0,0,0,1174,0,0
Arkansas,Season 2023-24 ,1945,447,42,205,49,193,0,0,6,36,0
Arkansas,Season 2024-25,13400,2637,27,2164,260,213,0,0,25,2,0
Arkansas,Season 2025-26,551,60,0,60,0,0,0,0,0,0,0
California,Season 2010-11,9588,802,385,296,264,242,0,0,385,0,0
California,Season 2011-12,9155,1194,127,328,310,556,0,0,127,0,0
California,Season 2012-13,14045,1513,545,581,90,842,0,0,545,0,0
California,Season 2013-14,17491,1877,297,702,1020,155,0,0,297,0,0
California,Season 2014-15,42148,7614,1207,2381,119,5114,0,0,1207,0,0
California,Season 2015-16,59255,6002,3947,3042,1463,1497,0,0,2835,309,803
California,Season 2016-17,54565,7847,715,2967,184,4696,0,0,535,28,152
California,Season 2017-18,71601,11915,5609,6590,661,4664,0,0,4038,282,1289
California,Season 2018-19,38821,7621,237,3324,2991,1306,0,0,167,33,37
California,Season 2019-20,110392,15548,10017,12221,3055,272,0,0,8239,1742,36
California,Season 2020-21,162479,650,674,647,0,3,0,0,670,1,3
California,Season 2021-22,279131,9748,93,8538,6,1204,0,0,91,2,0
California,Season 2022-23,503869,51665,559,48624,448,2593,0,0,503,56,0
California,Season 2023-24,518926,37943,6894,37943,0,0,0,0,6894,0,0
California,Season 2023-24 ,9869,3036,448,162,1818,1056,0,0,109,339,0
California,Season 2024-25,393874,67738,6287,59156,3827,4701,0,54,6093,194,0
California,Season 2025-26,27500,5055,260,5055,0,0,0,0,260,0,0
Colorado,Season 2010-11,10268,764,401,503,82,179,0,0,401,0,0
Colorado,Season 2011-12,8776,874,14,407,29,438,0,0,14,0,0
Colorado,Season 2012-13,13158,1200,809,723,113,364,0,0,809,0,0
Colorado,Season 2013-14,14458,2311,164,296,1911,104,0,0,164,0,0
Colorado,Season 2014-15,17981,3619,722,1762,448,1409,0,0,722,0,0
Colorado,Season 2015-16,21067,2523,493,1254,913,356,0,0,309,40,144
Colorado,Season 2016-17,22117,1886,1068,1616,3,267,0,0,818,31,219
Colorado,Season 2017-18,32773,3387,1405,2832,54,501,0,0,1241,2,162
Colorado,Season 2018-19,26970,5324,364,4263,520,541,0,0,345,16,3
Colorado,Season 2019-20,37053,3672,2418,3067,552,53,0,0,2231,187,0
Colorado,Season 2020-21,57031,113,263,112,0,1,0,0,263,0,0
Colorado,Season 2021-22,66479,2975,7,2261,1,713,0,0,6,1,0
Colorado,Season 2022-23,60479,5934,286,5280,206,448,0,0,185,101,0
Colorado,Season 2023-24,58468,4623,2763,4623,0,0,0,0,2763,0,0
Colorado,Season 2023-24 ,1636,903,317,19,460,412,1,11,14,303,0
Colorado,Season 2024-25,32708,5675,57,5512,43,120,0,0,56,1,0
Colorado,Season 2025-26,2286,533,8,533,0,0,0,0,8,0,0
Connecticut,Season 2010-11,6394,1640,239,35,440,1165,0,0,239,0,0
Connecticut,Season 2011-12,5281,341,23,92,64,185,0,0,23,0,0
Connecticut,Season 2012-13,7891,1315,294,344,29,942,0,0,294,0,0
Connecticut,Season 2013-14,9931,1762,292,578,640,544,0,0,292,0,0
Connecticut,Season 2014-15,13798,1622,363,793,59,770,0,0,363,0,0
Connecticut,Season 2015-16,17528,1944,625,1149,662,133,0,0,625,0,0
Connecticut,Season 2016-17,17397,2494,799,1507,19,968,0,0,474,62,263
Connecticut,Season 2017-18,29158,3542,2084,2494,161,887,0,0,1614,47,423
Connecticut,Season 2018-19,28447,4205,136,3345,560,300,0,0,106,4,26
Connecticut,Season 2019-20,33119,2890,3611,2549,272,69,0,0,3186,410,15
Connecticut,Season 2020-21,12490,140,163,140,0,0,0,0,162,1,0
Connecticut,Season 2021-22,50612,3046,10,2654,2,390,0,0,10,0,0
Connecticut,Season 2022-23,79104,8498,149,7821,191,486,0,0,145,4,0
Connecticut,Season 2023-24,69654,4977,932,4977,0,0,0,0,932,0,0
Connecticut,Season 2023-24 ,4240,1116,195,94,584,438,0,0,5,190,0
Connecticut,Season 2024-25,42117,6171,425,5048,628,495,0,0,422,3,0
Connecticut,Season 2025-26,2759,429,19,429,0,0,0,0,19,0,0
Delaware,Season 2010-11,5646,1363,229,5,723,635,0,0,229,0,0
Delaware,Season 2011-12,3539,254,44,1,20,233,0,0,44,0,0
Delaware,Season 2012-13,3634,1024,487,253,37,734,0,0,487,0,0
Delaware,Season 2013-14,4883,1223,201,466,616,141,0,0,201,0,0
Delaware,Season 2014-15,5529,1377,67,573,43,761,0,0,67,0,0
Delaware,Season 2015-16,7594,1140,353,653,414,73,0,0,206,78,69
Delaware,Season 2016-17,9304,1546,442,881,5,659,1,0,288,27,127
Delaware,Season 2017-18,11617,1747,1028,1202,163,382,0,0,722,100,206
Delaware,Season 2018-19,12622,2359,34,1509,439,411,0,0,21,8,5
Delaware,Season 2019-20,14804,1674,963,1141,507,26,0,0,602,359,2
Delaware,Season 2020-21,2968,54,50,53,0,1,0,0,50,0,0
Delaware,Season 2021-22,2107,607,3,84,1,522,0,0,1,1,1
Delaware,Season 2022-23,737,232,11,23,100,109,0,0,0,11,0
Delaware,Season 2023-24 ,2393,600,192,72,331,197,0,0,20,172,0
Delaware,Season 2024-25,1152,575,13,33,209,332,0,1,12,1,0
District of Columbia,Season 2010-11,507,101,36,84,10,7,0,0,36,0,0
District of Columbia,Season 2012-13,47,7,22,0,3,4,0,0,22,0,0
District of Columbia,Season 2013-14,159,110,5,0,104,6,0,0,5,0,0
District of Columbia,Season 2014-15,238,189,8,0,9,180,0,0,8,0,0
District of Columbia,Season 2015-16,188,84,10,0,68,16,0,0,7,0,3
District of Columbia,Season 2016-17,73,35,7,0,1,34,0,0,3,0,4
District of Columbia,Season 2017-18,566,249,85,0,56,193,0,0,0,5,80
District of Columbia,Season 2018-19,1418,275,27,0,147,128,0,0,1,19,7
District of Columbia,Season 2019-20,898,156,122,0,138,18,0,0,0,120,2
District of Columbia,Season 2020-21,32,0,0,0,0,0,0,0,0,0,0
District of Columbia,Season 2021-22,298,59,1,1,0,58,0,0,1,0,0
District of Columbia,Season 2022-23,1729,386,20,17,77,292,0,0,1,19,0
District of Columbia,Season 2023-24 ,2205,797,207,44,412,341,0,0,5,202,0
District of Columbia,Season 2024-25,1274,799,18,36,323,440,0,0,0,18,0
Florida,Season 2010-11,16864,2562,904,1707,310,545,0,0,904,0,0
Florida,Season 2011-12,13024,1235,394,1074,73,88,0,0,394,0,0
Florida,Season 2012-13,20273,2956,1388,2234,60,662,0,0,1388,0,0
Florida,Season 2013-14,19880,2812,726,2245,488,79,0,0,726,0,0
Florida,Season 2014-15,60496,5698,1491,4493,21,1184,0,0,1491,0,0
Florida,Season 2015-16,62524,6651,3246,6045,360,246,0,0,3242,1,3
Florida,Season 2016-17,65516,8311,3909,7500,30,781,0,0,3898,6,5
Florida,Season 2017-18,90778,10799,5514,9325,317,1157,0,0,5424,9,81
Florida,Season 2018-19,87404,13165,1768,12014,524,627,0,0,1632,93,43
Florida,Season 2019-20,49784,4936,1986,3226,1626,84,0,0,1447,525,14
Florida,Season 2020-21,74009,241,122,238,1,2,0,0,118,2,2
Florida,Season 2021-22,60168,4503,24,3082,6,1415,0,0,24,0,0
Florida,Season 2022-23,19837,2060,288,919,333,808,0,0,156,132,0
Florida,Season 2023-24,15520,763,430,763,0,0,0,0,430,0,0
Florida,Season 2023-24 ,2577,1259,377,22,757,480,0,0,12,365,0
Florida,Season 2024-25,9785,2119,37,868,505,746,0,0,36,1,0
Florida,Season 2025-26,546,75,1,75,0,0,0,0,1,0,0
Georgia,Season 2010-11,18681,1438,1665,1058,128,252,0,0,1665,0,0
Georgia,Season 2011-12,13272,508,176,400,49,59,0,0,176,0,0
Georgia,Season 2012-13,29219,3102,1975,2740,47,315,0,0,1975,0,0
Georgia,Season 2013-14,25449,2560,685,2259,240,61,0,0,685,0,0
Georgia,Season 2014-15,33200,3652,1083,3176,38,438,0,0,1083,0,0
Georgia,Season 2015-16,27068,1861,782,1496,297,68,0,0,703,38,41
Georgia,Season 2016-17,38643,4099,2333,3014,27,1058,0,0,1833,333,167
Georgia,Season 2017-18,51755,7840,2755,6997,261,582,0,0,2495,6,254
Georgia,Season 2018-19,46668,5360,522,4620,228,512,0,0,506,13,3
Georgia,Season 2019-20,56581,6001,3655,5343,646,12,0,0,3364,286,5
Georgia,Season 2020-21,36503,550,361,550,0,0,0,0,361,0,0
Georgia,Season 2021-22,54843,3298,209,2390,9,899,0,0,205,4,0
Georgia,Season 2022-23,68419,7347,784,5857,456,1034,0,0,629,155,0
Georgia,Season 2023-24,83571,5699,4207,5699,0,0,0,0,4207,0,0
Georgia,Season 2023-24 ,3479,1276,504,230,673,373,0,0,24,480,0
Georgia,Season 2024-25,46297,6527,114,6192,100,235,0,0,114,0,0
Georgia,Season 2025-26,3897,691,3,691,0,0,0,0,3,0,0
Hawaii,Season 2010-11,9657,1556,467,339,808,409,0,0,467,0,0
Hawaii,Season 2011-12,7215,1079,370,182,42,855,0,0,370,0,0
Hawaii,Season 2012-13,12691,1849,1115,299,77,1473,0,0,1115,0,0
Hawaii,Season 2013-14,10038,1592,325,365,826,401,0,0,325,0,0
Hawaii,Season 2014-15,10878,2203,418,618,83,1502,0,0,418,0,0
Hawaii,Season 2015-16,9843,1345,420,493,478,374,0,0,153,80,187
Hawaii,Season 2016-17,9745,1349,461,407,53,889,0,0,183,89,189
Hawaii,Season 2017-18,10443,1545,740,371,102,1072,0,0,198,42,500
Hawaii,Season 2018-19,9885,1727,285,668,701,358,0,0,55,205,25
Hawaii,Season 2019-20,17473,2482,793,1134,1283,64,1,0,351,441,1
Hawaii,Season 2020-21,14614,67,17,67,0,0,0,0,17,0,0
Hawaii,Season 2021-22,29496,931,26,682,1,248,0,0,22,4,0
Hawaii,Season 2022-23,71515,3247,201,2884,93,270,0,0,157,44,0
Hawaii,Season 2023-24,77843,3715,1168,3715,0,0,0,0,1168,0,0
Hawaii,Season 2023-24 ,2901,965,183,22,437,506,0,0,5,178,0
Hawaii,Season 2024-25,21618,2143,92,1761,318,64,0,0,66,26,0
Hawaii,Season 2025-26,1664,221,8,221,0,0,0,0,8,0,0
Idaho,Season 2010-11,217,160,26,0,13,147,0,0,26,0,0
Idaho,Season 2011-12,75,52,2,0,14,38,0,0,2,0,0
Idaho,Season 2012-13,622,393,165,0,3,390,0,0,165,0,0
Idaho,Season 2013-14,466,355,11,0,323,32,0,0,11,0,0
Idaho,Season 2014-15,1813,596,57,140,54,402,0,0,57,0,0
Idaho,Season 2015-16,1449,422,364,117,200,105,0,0,53,28,283
Idaho,Season 2016-17,3313,1335,53,343,9,983,0,0,11,16,26
Idaho,Season 2017-18,4716,968,713,397,94,477,0,0,269,9,435
Idaho,Season 2018-19,4675,1836,43,486,858,492,0,0,25,8,10
Idaho,Season 2019-20,6094,978,1151,353,546,79,0,0,226,913,12
Idaho,Season 2020-21,2849,8,30,8,0,0,0,0,30,0,0
Idaho,Season 2021-22,19791,827,29,552,0,275,0,0,29,0,0
Idaho,Season 2022-23,18966,3087,43,1654,401,1032,0,0,38,5,0
Idaho,Season 2023-24,13300,820,359,820,0,0,0,0,359,0,0
Idaho,Season 2023-24 ,819,408,187,10,333,65,0,0,2,185,0
Idaho,Season 2024-25,7974,1985,29,1219,381,385,0,0,21,8,0
Idaho,Season 2025-26,765,154,0,154,0,0,0,0,0,0,0
Illinois,Season 2010-11,2339,531,74,97,134,300,0,0,74,0,0
Illinois,Season 2011-12,1838,306,89,60,46,200,0,0,89,0,0
Illinois,Season 2012-13,2768,384,86,74,6,304,0,0,86,0,0
Illinois,Season 2013-14,4376,597,83,164,374,59,0,0,83,0,0
Illinois,Season 2014-15,18365,2526,885,1740,81,705,0,0,885,0,0
Illinois,Season 2015-16,18692,1568,383,1234,249,85,0,0,325,21,37
Illinois,Season 2016-17,20946,2059,1685,1574,6,479,0,0,1280,325,80
Illinois,Season 2017-18,21675,3892,1567,3026,144,722,0,0,1168,1,398
Illinois,Season 2018-19,15187,2264,135,1655,445,164,0,0,121,4,10
Illinois,Season 2019-20,20140,2202,1757,1804,376,22,0,0,1489,268,0
Illinois,Season 2020-21,4631,83,121,83,0,0,0,0,121,0,0
Illinois,Season 2021-22,182010,1601,20,1228,0,373,0,0,20,0,0
Illinois,Season 2022-23,78711,3707,76,3160,163,384,0,0,73,3,0
Illinois,Season 2023-24,12816,814,740,814,0,0,0,0,740,0,0
Illinois,Season 2023-24 ,4939,436,129,151,190,95,0,0,41,88,0
Illinois,Season 2024-25,12609,2541,49,1968,381,192,0,0,46,3,0
Illinois,Season 2025-26,834,150,4,150,0,0,0,0,4,0,0
Indiana,Season 2010-11,5190,646,451,137,374,135,0,0,451,0,0
Indiana,Season 2011-12,1457,206,15,0,26,180,0,0,15,0,0
Indiana,Season 2012-13,2722,515,157,20,37,458,0,0,157,0,0
Indiana,Season 2013-14,3023,388,19,0,340,48,0,0,19,0,0
Indiana,Season 2014-15,6953,1324,176,664,41,619,0,0,176,0,0
Indiana,Season 2015-16,6183,759,125,378,270,111,0,0,75,31,19
Indiana,Season 2016-17,9452,1570,638,837,39,694,0,0,404,112,122
Indiana,Season 2017-18,13763,2310,1126,1621,126,562,1,0,879,14,233
Indiana,Season 2018-19,11338,2010,39,1438,287,285,0,0,21,11,7
Indiana,Season 2019-20,13526,1120,954,832,283,5,0,0,699,250,5
Indiana,Season 2020-21,13320,38,36,38,0,0,0,0,36,0,0
Indiana,Season 2021-22,20166,847,5,745,1,101,0,0,5,0,0
Indiana,Season 2022-23,15855,1316,13,1275,17,24,0,0,9,4,0
Indiana,Season 2023-24,11709,468,345,468,0,0,0,0,345,0,0
Indiana,Season 2023-24 ,359,120,51,4,51,65,0,0,1,50,0
Indiana,Season 2024-25,6909,866,9,631,118,117,0,0,7,2,0
Indiana,Season 2025-26,477,43,0,43,0,0,0,0,0,0,0
Iowa,Season 2010-11,2990,699,369,21,299,379,0,0,369,0,0
Iowa,Season 2011-12,2428,1203,33,29,120,1054,0,0,33,0,0
Iowa,Season 2012-13,4102,1491,362,77,15,1398,1,0,362,0,0
Iowa,Season 2013-14,1521,689,45,30,508,151,0,0,45,0,0
Iowa,Season 2014-15,5080,1067,333,307,95,665,0,0,333,0,0
Iowa,Season 2015-16,4830,632,141,223,278,131,0,0,37,26,78
Iowa,Season 2016-17,8925,1805,612,968,15,822,0,0,383,79,150
Iowa,Season 2017-18,15382,2973,1847,1932,60,980,1,0,1365,2,480
Iowa,Season 2018-19,12369,2649,51,1761,468,420,0,0,14,27,10
Iowa,Season 2019-20,11418,1431,1684,842,528,61,0,0,1051,629,4
Iowa,Season 2020-21,12730,31,64,27,3,0,1,0,64,0,0
Iowa,Season 2021-22,48277,2893,9,2734,1,158,0,0,9,0,0
Iowa,Season 2022-23,84564,11095,530,10778,105,212,0,0,415,115,0
Iowa,Season 2023-24,63707,5809,2861,5809,0,0,0,0,2861,0,0
Iowa,Season 2023-24 ,786,435,250,16,223,196,0,0,5,245,0
Iowa,Season 2024-25,49092,9351,220,8229,751,370,0,1,220,0,0
Iowa,Season 2025-26,3015,445,11,445,0,0,0,0,11,0,0
Kansas,Season 2010-11,422,176,47,1,75,100,0,0,47,0,0
Kansas,Season 2011-12,164,118,1,1,23,94,0,0,1,0,0
Kansas,Season 2012-13,98,47,20,0,0,47,0,0,20,0,0
Kansas,Season 2013-14,119,71,1,1,58,12,0,0,1,0,0
Kansas,Season 2014-15,7489,953,350,860,8,85,0,0,350,0,0
Kansas,Season 2015-16,5573,455,182,324,108,23,0,0,156,6,20
Kansas,Season 2016-17,4207,418,123,292,4,122,0,0,111,2,10
Kansas,Season 2017-18,3988,360,185,283,23,54,0,0,168,2,15
Kansas,Season 2018-19,3826,476,75,250,70,156,0,0,75,0,0
Kansas,Season 2019-20,3963,334,149,245,89,0,0,0,142,7,0
Kansas,Season 2020-21,46375,13,12,13,0,0,0,0,12,0,0
Kansas,Season 2021-22,37926,832,2,578,0,254,0,0,2,0,0
Kansas,Season 2022-23,11416,1016,10,921,24,71,0,0,6,4,0
Kansas,Season 2023-24,13901,1113,483,1113,0,0,0,0,483,0,0
Kansas,Season 2023-24 ,486,31,18,8,11,12,0,0,3,15,0
Kansas,Season 2024-25,1023,28,0,19,5,4,0,0,0,0,0
Kentucky,Season 2010-11,2114,309,104,9,239,61,0,0,104,0,0
Kentucky,Season 2011-12,960,126,9,11,23,92,0,0,9,0,0
Kentucky,Season 2012-13,1496,271,83,4,7,260,0,0,83,0,0
Kentucky,Season 2013-14,3093,275,18,0,248,27,0,0,18,0,0
Kentucky,Season 2014-15,7356,751,166,349,35,367,0,0,166,0,0
Kentucky,Season 2015-16,10365,506,313,351,110,45,0,0,306,5,2
Kentucky,Season 2016-17,12135,902,292,632,20,250,0,0,280,3,9
Kentucky,Season 2017-18,19165,1556,953,1075,104,377,0,0,643,13,297
Kentucky,Season 2018-19,21898,2385,61,2032,107,246,0,0,57,2,2
Kentucky,Season 2019-20,27245,2030,1235,1904,124,2,0,0,1144,88,3
Kentucky,Season 2020-21,22866,172,100,172,0,0,0,0,100,0,0
Kentucky,Season 2021-22,116130,2205,39,2036,0,169,0,0,39,0,0
Kentucky,Season 2022-23,38033,3033,76,2931,61,41,0,0,74,2,0
Kentucky,Season 2023-24,26862,1241,915,1241,0,0,0,0,915,0,0
Kentucky,Season 2023-24 ,1154,474,176,0,266,208,0,0,1,175,0
Kentucky,Season 2024-25,16309,2408,27,1679,342,387,0,0,26,1,0
Kentucky,Season 2025-26,809,107,4,107,0,0,0,0,4,0,0
Louisiana,Season 2010-11,7250,593,741,464,37,92,0,0,741,0,0
Louisiana,Season 2011-12,4489,352,19,329,12,11,0,0,19,0,0
Louisiana,Season 2012-13,6698,777,361,637,7,133,0,0,361,0,0
Louisiana,Season 2013-14,4109,967,194,236,715,16,0,0,194,0,0
Louisiana,Season 2014-15,11863,2007,554,616,72,1319,0,0,554,0,0
Louisiana,Season 2015-16,18721,979,440,672,177,130,0,0,440,0,0
Louisiana,Season 2016-17,37926,4983,1673,4341,40,602,0,0,1481,37,155
Louisiana,Season 2017-18,29595,3999,1352,3560,135,304,0,0,1225,3,124
Louisiana,Season 2018-19,19026,2367,291,1875,175,317,0,0,190,101,0
Louisiana,Season 2019-20,19475,1648,1820,1350,255,43,0,0,1527,293,0
Louisiana,Season 2020-21,4603,45,78,44,0,1,0,0,78,0,0
Louisiana,Season 2021-22,9263,366,13,314,0,52,0,0,13,0,0
Louisiana,Season 2022-23,8960,736,42,696,27,13,0,0,37,5,0
Louisiana,Season 2023-24,2940,249,259,249,0,0,0,0,259,0,0
Louisiana,Season 2023-24 ,3133,224,164,13,190,21,0,0,18,146,0
Louisiana,Season 2024-25,1484,229,1,123,21,83,0,2,0,1,0
Louisiana,Season 2025-26,133,27,0,27,0,0,0,0,0,0,0
Maine,Season 2010-11,814,289,122,3,171,115,0,0,122,0,0
Maine,Season 2011-12,764,54,21,0,13,41,0,0,21,0,0
Maine,Season 2012-13,928,392,18,1,17,374,0,0,18,0,0
Maine,Season 2013-14,1063,353,59,3,275,75,0,0,59,0,0
Maine,Season 2014-15,4117,1127,150,559,29,539,0,0,150,0,0
Maine,Season 2015-16,3376,626,204,316,226,84,0,0,204,0,0
Maine,Season 2016-17,4322,893,594,625,0,268,0,0,533,8,53
Maine,Season 2017-18,5271,1160,306,789,55,316,0,0,158,33,115
Maine,Season 2018-19,4173,1078,149,743,284,51,0,0,71,74,4
Maine,Season 2019-20,4880,648,617,388,230,30,0,0,384,229,4
Maine,Season 2020-21,5418,13,7,12,1,0,0,0,7,0,0
Maine,Season 2021-22,12077,818,1,650,0,168,0,0,1,0,0
Maine,Season 2022-23,279,9,2,0,7,2,0,0,1,1,0
Maine,Season 2023-24,38926,3281,288,3281,0,0,0,0,288,0,0
Maine,Season 2023-24 ,799,624,122,3,520,101,0,0,1,121,0
Maine,Season 2024-25,23468,3521,342,2505,510,506,0,0,342,0,0
Maine,Season 2025-26,1744,195,5,195,0,0,0,0,5,0,0
Maryland,Season 2010-11,2752,1467,134,75,695,697,0,0,134,0,0
Maryland,Season 2011-12,2260,502,160,165,56,281,0,0,160,0,0
Maryland,Season 2012-13,5393,2351,566,75,56,2220,0,0,566,0,0
Maryland,Season 2013-14,4462,1720,174,25,1201,494,0,0,174,0,0
Maryland,Season 2014-15,8109,2558,245,366,131,2061,0,0,245,0,0
Maryland,Season 2015-16,6423,1582,458,86,1149,347,0,0,61,175,222
Maryland,Season 2016-17,13184,3144,1167,980,57,2068,39,0,516,94,557
Maryland,Season 2017-18,19229,4244,1522,1742,591,1911,0,0,623,139,760
Maryland,Season 2018-19,17171,5259,243,1452,2354,1453,0,0,103,99,41
Maryland,Season 2019-20,20757,3341,2400,1305,1893,143,0,0,1016,1364,20
Maryland,Season 2020-21,27621,137,107,77,0,60,0,0,107,0,0
Maryland,Season 2021-22,32198,805,6,437,2,366,0,0,4,2,0
Maryland,Season 2022-23,25733,1912,13,1793,3,116,0,0,11,2,0
Maryland,Season 2023-24,16181,1349,538,1349,0,0,0,0,538,0,0
Maryland,Season 2023-24 ,2927,1232,521,67,539,626,0,0,12,509,0
Maryland,Season 2024-25,9856,1952,34,577,726,649,0,0,8,26,0
Maryland,Season 2025-26,713,97,1,97,0,0,0,0,1,0,0
Massachusetts,Season 2010-11,1229,243,56,1,113,129,0,0,56,0,0
Massachusetts,Season 2011-12,684,35,29,0,7,28,0,0,29,0,0
Massachusetts,Season 2012-13,1429,231,99,2,15,214,0,0,99,0,0
Massachusetts,Season 2013-14,1978,274,65,3,194,77,0,0,65,0,0
Massachusetts,Season 2014-15,12133,1492,275,1116,17,359,0,0,275,0,0
Massachusetts,Season 2015-16,16714,1787,797,1613,146,28,0,0,763,25,9
Massachusetts,Season 2016-17,28266,3468,1280,3150,6,312,0,0,1276,0,4
Massachusetts,Season 2017-18,34276,4685,2178,4498,31,156,0,0,2176,0,2
Massachusetts,Season 2018-19,32397,5237,679,4639,432,166,0,0,679,0,0
Massachusetts,Season 2019-20,39930,4274,3806,3920,324,30,0,0,3801,5,0
Massachusetts,Season 2020-21,29542,161,259,161,0,0,0,0,259,0,0
Massachusetts,Season 2021-22,62488,3394,21,3239,0,155,0,0,21,0,0
Massachusetts,Season 2022-23,124410,9030,399,8602,101,327,0,0,398,1,0
Massachusetts,Season 2023-24,84072,6634,1753,6634,0,0,0,0,1753,0,0
Massachusetts,Season 2023-24 ,1044,609,6,5,376,228,0,0,5,1,0
Massachusetts,Season 2024-25,48389,8369,772,6823,623,923,0,0,771,1,0
Massachusetts,Season 2025-26,3148,425,48,425,0,0,0,0,48,0,0
Michigan,Season 2010-11,526,316,66,1,157,158,0,0,66,0,0
Michigan,Season 2011-12,1306,1044,75,0,33,1011,0,0,75,0,0
Michigan,Season 2012-13,822,470,116,0,22,448,0,0,116,0,0
Michigan,Season 2013-14,631,373,31,1,307,65,0,0,31,0,0
Michigan,Season 2014-15,23361,3140,806,1973,25,1142,0,0,806,0,0
Michigan,Season 2015-16,30092,2999,737,2506,271,210,12,0,685,21,31
Michigan,Season 2016-17,44149,4303,2818,3741,20,541,1,0,2616,57,145
Michigan,Season 2017-18,62859,10248,3387,9565,95,588,0,0,3206,7,174
Michigan,Season 2018-19,53909,8163,980,7351,453,359,0,0,917,39,24
Michigan,Season 2019-20,78801,9181,6952,8660,490,31,0,0,6651,301,0
Michigan,Season 2020-21,35848,283,861,276,0,7,0,0,861,0,0
Michigan,Season 2021-22,43479,2358,5,1782,7,568,1,0,5,0,0
Michigan,Season 2022-23,29998,2112,137,1323,293,495,1,0,69,68,0
Michigan,Season 2023-24,26246,1313,490,1313,0,0,0,0,490,0,0
Michigan,Season 2023-24 ,2032,795,235,8,517,269,0,1,13,222,0
Michigan,Season 2024-25,13394,2221,23,1426,400,395,0,0,18,5,0
Michigan,Season 2025-26,968,110,1,110,0,0,0,0,1,0,0
Minnesota,Season 2010-11,5968,820,417,94,12,714,0,0,417,0,0
Minnesota,Season 2011-12,5995,1097,100,41,68,988,0,0,100,0,0
Minnesota,Season 2012-13,8532,1834,636,141,52,1640,1,0,636,0,0
Minnesota,Season 2013-14,9325,1547,169,77,1002,468,0,0,169,0,0
Minnesota,Season 2014-15,20366,4130,758,1394,249,2487,0,0,758,0,0
Minnesota,Season 2015-16,19771,2080,327,1008,751,321,0,0,204,13,110
Minnesota,Season 2016-17,24367,3005,1963,1468,24,1513,0,0,1080,75,808
Minnesota,Season 2017-18,29690,6684,1539,3686,170,2828,0,0,910,52,577
Minnesota,Season 2018-19,18161,2713,111,1605,760,348,0,0,76,15,20
Minnesota,Season 2019-20,18622,2560,1167,1336,1196,28,0,0,638,502,27
Minnesota,Season 2020-21,20703,62,101,60,0,2,0,0,100,0,1
Minnesota,Season 2021-22,110458,5873,11,5383,2,488,0,0,10,1,0
Minnesota,Season 2022-23,64839,8461,356,7458,123,880,0,0,332,24,0
Minnesota,Season 2023-24,70707,4143,1813,4143,0,0,0,0,1813,0,0
Minnesota,Season 2023-24 ,3314,1799,557,387,960,450,2,0,26,531,0
Minnesota,Season 2024-25,45067,9231,193,7244,1664,322,0,1,142,51,0
Minnesota,Season 2025-26,2990,670,7,670,0,0,0,0,7,0,0
Mississippi,Season 2010-11,117,17,11,0,4,13,0,0,11,0,0
Mississippi,Season 2011-12,842,73,8,20,8,45,0,0,8,0,0
Mississippi,Season 2012-13,1656,227,83,99,7,121,0,0,83,0,0
Mississippi,Season 2013-14,2297,428,26,305,112,11,0,0,26,0,0
Mississippi,Season 2014-15,4831,664,185,484,12,168,0,0,185,0,0
Mississippi,Season 2015-16,5581,334,100,287,19,28,0,0,78,13,9
Mississippi,Season 2016-17,4458,476,101,324,9,143,0,0,66,15,20
Mississippi,Season 2017-18,3540,458,148,251,80,127,0,0,73,0,75
Mississippi,Season 2018-19,3906,758,29,441,25,292,0,0,25,2,2
Mississippi,Season 2019-20,4499,463,420,223,221,19,0,0,249,171,0
Mississippi,Season 2020-21,1527,9,35,9,0,0,0,0,35,0,0
Mississippi,Season 2021-22,3305,217,40,181,1,35,0,0,40,0,0
Mississippi,Season 2022-23,7231,762,472,681,41,40,0,0,466,6,0
Mississippi,Season 2023-24,8352,392,421,392,0,0,0,0,421,0,0
Mississippi,Season 2023-24 ,253,58,19,7,26,25,0,0,4,15,0
Mississippi,Season 2024-25,5727,779,121,529,95,155,0,0,119,2,0
Mississippi,Season 2025-26,384,60,4,60,0,0,0,0,4,0,0
Missouri,Season 2010-11,8310,349,154,263,52,34,0,0,154,0,0
Missouri,Season 2011-12,8263,341,13,224,8,109,0,0,13,0,0
Missouri,Season 2012-13,9793,217,346,38,18,161,0,0,346,0,0
Missouri,Season 2013-14,11483,420,58,9,360,51,0,0,58,0,0
Missouri,Season 2014-15,20890,1324,320,627,60,637,0,0,320,0,0
Missouri,Season 2015-16,18583,466,166,404,20,42,0,0,147,11,8
Missouri,Season 2016-17,28387,1757,869,1613,3,141,0,0,854,6,9
Missouri,Season 2017-18,31824,2768,1619,2512,51,205,0,0,1508,7,104
Missouri,Season 2018-19,47693,6916,102,6844,43,29,0,0,95,6,1
Missouri,Season 2019-20,61887,6198,6223,6134,62,2,0,0,6191,32,0
Missouri,Season 2020-21,56825,234,490,233,1,0,0,0,490,0,0
Missouri,Season 2021-22,132634,3890,11,3763,0,127,0,0,11,0,0
Missouri,Season 2022-23,103758,9616,65,9261,133,222,0,0,61,4,0
Missouri,Season 2023-24,85571,4251,3454,4251,0,0,0,0,3454,0,0
Missouri,Season 2023-24 ,930,407,43,26,253,127,0,1,3,40,0
Missouri,Season 2024-25,72892,9199,62,8490,311,398,0,0,61,1,0
Missouri,Season 2025-26,5367,767,6,767,0,0,0,0,6,0,0
Montana,Season 2010-11,1517,266,65,68,41,157,0,0,65,0,0
Montana,Season 2011-12,686,122,10,14,39,69,0,0,10,0,0
Montana,Season 2012-13,3090,472,205,293,3,176,0,0,205,0,0
Montana,Season 2013-14,3340,505,29,124,349,32,0,0,29,0,0
Montana,Season 2014-15,5281,736,83,496,71,169,0,0,83,0,0
Montana,Season 2015-16,4841,424,240,301,88,35,0,0,240,0,0
Montana,Season 2016-17,5881,826,187,476,36,314,0,0,150,0,37
Montana,Season 2017-18,6241,838,465,494,50,294,0,0,313,30,122
Montana,Season 2018-19,8812,1916,186,1405,272,239,0,0,114,64,8
Montana,Season 2019-20,10432,1164,832,922,198,44,0,0,525,307,0
Montana,Season 2020-21,13340,29,62,29,0,0,0,0,62,0,0
Montana,Season 2021-22,29014,1631,8,1320,4,307,0,0,8,0,0
Montana,Season 2022-23,26778,3214,45,2899,130,185,0,0,38,7,0
Montana,Season 2023-24,15531,1977,690,1977,0,0,0,0,690,0,0
Montana,Season 2023-24 ,558,312,149,1,171,140,0,0,1,148,0
Montana,Season 2024-25,8733,1616,26,1304,169,143,0,0,18,8,0
Montana,Season 2025-26,813,157,6,157,0,0,0,0,6,0,0
Nebraska,Season 2010-11,1764,348,123,26,118,204,0,0,123,0,0
Nebraska,Season 2011-12,911,169,11,32,11,126,0,0,11,0,0
Nebraska,Season 2012-13,2175,335,236,70,10,255,0,0,236,0,0
Nebraska,Season 2013-14,1939,324,35,22,249,53,0,0,35,0,0
Nebraska,Season 2014-15,4256,735,151,458,22,255,0,0,151,0,0
Nebraska,Season 2015-16,3377,382,58,274,71,37,0,0,53,1,4
Nebraska,Season 2016-17,5340,668,314,552,5,111,0,0,293,9,12
Nebraska,Season 2017-18,8316,1202,708,1084,9,108,1,0,689,1,18
Nebraska,Season 2018-19,6394,1057,19,919,56,82,0,0,10,6,3
Nebraska,Season 2019-20,4737,649,476,533,112,4,0,0,447,27,2
Nebraska,Season 2020-21,48534,46,81,36,5,5,0,0,81,0,0
Nebraska,Season 2021-22,46481,2513,7,2299,2,212,0,0,6,1,0
Nebraska,Season 2022-23,73545,9664,213,9547,35,82,0,0,207,6,0
Nebraska,Season 2023-24,71910,6559,4999,6559,0,0,0,0,4999,0,0
Nebraska,Season 2023-24 ,609,112,117,23,68,21,0,0,22,95,0
Nebraska,Season 2024-25,42243,9860,865,9254,220,386,0,0,865,0,0
Nebraska,Season 2025-26,2914,718,40,718,0,0,0,0,40,0,0
Nevada,Season 2010-11,623,219,60,1,90,128,0,0,60,0,0
Nevada,Season 2011-12,1076,286,43,0,106,180,0,0,43,0,0
Nevada,Season 2012-13,1381,296,274,0,18,278,0,0,274,0,0
Nevada,Season 2013-14,1250,351,77,0,311,40,0,0,77,0,0
Nevada,Season 2014-15,1017,396,41,4,48,344,0,0,41,0,0
Nevada,Season 2015-16,1328,198,129,37,96,65,0,0,39,30,60
Nevada,Season 2016-17,1113,360,64,77,13,270,0,0,19,2,43
Nevada,Season 2017-18,2086,553,296,215,24,314,0,0,73,1,222
Nevada,Season 2018-19,1720,487,10,223,159,105,0,0,8,1,1
Nevada,Season 2019-20,2615,536,365,230,272,34,0,0,230,135,0
Nevada,Season 2020-21,182347,16,14,16,0,0,0,0,14,0,0
Nevada,Season 2021-22,101083,823,7,458,0,365,0,0,7,0,0
Nevada,Season 2022-23,24186,446,12,259,67,120,0,0,5,7,0
Nevada,Season 2023-24 ,10010,2023,662,1539,324,160,0,0,525,137,0
Nevada,Season 2024-25,20015,4389,309,4037,102,250,0,0,266,43,0
Nevada,Season 2025-26,1818,630,16,630,0,0,0,0,16,0,0
New Hampshire,Season 2010-11,1126,312,38,56,95,161,0,0,38,0,0
New Hampshire,Season 2011-12,449,87,40,11,7,69,0,0,40,0,0
New Hampshire,Season 2012-13,534,259,12,20,4,235,0,0,12,0,0
New Hampshire,Season 2013-14,1299,345,83,4,291,50,0,0,83,0,0
New Hampshire,Season 2014-15,1142,476,34,58,15,403,0,0,34,0,0
New Hampshire,Season 2015-16,1001,206,96,39,119,48,0,0,21,58,17
New Hampshire,Season 2016-17,1564,310,93,90,2,218,0,0,43,4,46
New Hampshire,Season 2017-18,462,217,79,4,37,176,0,0,1,8,70
New Hampshire,Season 2018-19,594,292,33,3,205,84,0,0,0,12,21
New Hampshire,Season 2019-20,414,90,63,3,73,14,0,0,1,61,1
New Hampshire,Season 2020-21,26575,0,1,0,0,0,0,0,0,1,0
New Hampshire,Season 2021-22,65373,78,0,2,0,76,0,0,0,0,0
New Hampshire,Season 2022-23,4146,60,5,6,25,29,0,0,1,4,0
New Hampshire,Season 2023-24 ,1647,843,57,172,527,144,0,0,16,41,0
New Hampshire,Season 2024-25,1319,779,57,428,112,239,0,0,11,46,0
New Jersey,Season 2015-16,926,282,122,2,188,92,0,0,105,9,8
New Jersey,Season 2016-17,668,290,79,1,4,285,0,0,74,2,3
New Jersey,Season 2017-18,1059,398,231,1,103,294,0,0,180,20,31
New Jersey,Season 2018-19,905,533,4,1,281,251,0,0,1,3,0
New Jersey,Season 2019-20,994,222,50,3,177,42,0,0,44,6,0
New Jersey,Season 2020-21,1183,0,0,0,0,0,0,0,0,0,0
New Jersey,Season 2021-22,2031,244,2,16,1,227,0,0,2,0,0
New Jersey,Season 2022-23,1126,157,16,9,39,109,0,0,15,1,0
New Jersey,Season 2023-24,58300,4287,782,4287,0,0,0,0,782,0,0
New Jersey,Season 2023-24 ,780,251,42,15,164,72,0,0,38,4,0
New Jersey,Season 2024-25,17370,3185,48,2958,152,75,0,0,48,0,0
New Jersey,Season 2025-26,1115,190,0,190,0,0,0,0,0,0,0
New Mexico,Season 2010-11,1070,358,98,15,87,256,0,0,98,0,0
New Mexico,Season 2011-12,830,240,13,5,68,167,0,0,13,0,0
New Mexico,Season 2012-13,1000,281,124,3,18,260,0,0,124,0,0
New Mexico,Season 2013-14,1343,377,13,7,242,128,0,0,13,0,0
New Mexico,Season 2014-15,2265,604,145,5,20,579,0,0,145,0,0
New Mexico,Season 2015-16,17749,1825,1054,1365,193,267,0,0,948,44,62
New Mexico,Season 2016-17,16808,2203,406,1708,14,481,0,0,342,6,58
New Mexico,Season 2017-18,30069,3318,2892,2830,41,447,0,0,2612,0,280
New Mexico,Season 2018-19,13027,2502,42,1509,687,306,0,0,26,9,7
New Mexico,Season 2019-20,21840,1699,1348,1300,389,10,0,0,1022,325,1
New Mexico,Season 2020-21,50928,128,194,118,5,5,0,0,186,6,2
New Mexico,Season 2021-22,141827,8666,41,7699,9,958,0,0,41,0,0
New Mexico,Season 2022-23,185524,17475,301,16477,343,654,1,0,274,27,0
New Mexico,Season 2023-24,143947,9844,7054,9844,0,0,0,0,7054,0,0
New Mexico,Season 2023-24 ,2755,625,264,17,446,162,0,0,4,260,0
New Mexico,Season 2024-25,91481,12960,315,12124,228,608,0,0,306,9,0
New Mexico,Season 2025-26,6834,1804,23,1804,0,0,0,0,23,0,0
New York,Season 2010-11,22223,3107,674,1559,204,1344,0,0,674,0,0
New York,Season 2011-12,9044,485,146,136,143,206,0,0,146,0,0
New York,Season 2012-13,33263,4477,1691,2377,140,1960,0,0,1691,0,0
New York,Season 2013-14,32910,3758,1358,1767,1386,605,0,0,1358,0,0
New York,Season 2014-15,60818,7380,1601,4030,180,3170,0,0,1601,0,0
New York,Season 2015-16,70398,7233,2309,5938,891,404,0,0,2051,167,91
New York,Season 2016-17,86592,10579,2682,9712,10,857,0,0,2479,39,164
New York,Season 2017-18,109704,12821,7954,11167,232,1422,0,0,7553,17,384
New York,Season 2018-19,103218,15485,353,13565,933,987,0,0,311,32,10
New York,Season 2019-20,80147,7736,4866,7059,578,99,0,0,4612,231,23
New York,Season 2020-21,175899,393,499,389,2,2,0,0,499,0,0
New York,Season 2021-22,303568,8638,51,8413,4,221,0,0,51,0,0
New York,Season 2022-23,277815,21182,809,20635,105,442,0,0,800,9,0
New York,Season 2023-24,218884,15230,4099,15230,0,0,0,0,4099,0,0
New York,Season 2023-24 ,12332,1256,137,290,710,256,0,0,45,92,0
New York,Season 2024-25,107970,15694,766,12181,2074,1439,0,0,740,26,0
New York,Season 2025-26,6980,966,52,966,0,0,0,0,52,0,0
North Carolina,Season 2010-11,1106,306,223,3,206,97,0,0,223,0,0
North Carolina,Season 2011-12,585,146,3,0,48,98,0,0,3,0,0
North Carolina,Season 2012-13,800,329,92,0,11,318,0,0,92,0,0
North Carolina,Season 2013-14,607,242,10,0,222,20,0,0,10,0,0
North Carolina,Season 2014-15,7604,1281,242,1001,9,271,0,0,242,0,0
North Carolina,Season 2015-16,8047,787,275,559,174,54,0,0,227,26,22
North Carolina,Season 2016-17,15573,1949,742,1625,39,285,0,0,654,28,60
North Carolina,Season 2017-18,19835,2257,941,2059,41,157,0,0,848,25,68
North Carolina,Season 2018-19,17742,2386,173,2142,122,122,0,0,166,3,4
North Carolina,Season 2019-20,13119,966,703,723,224,19,0,0,534,162,7
North Carolina,Season 2020-21,23452,54,58,49,4,1,0,0,56,1,1
North Carolina,Season 2021-22,2007,45,3,2,0,43,0,0,0,3,0
North Carolina,Season 2022-23,98301,7241,79,6903,88,250,0,0,69,10,0
North Carolina,Season 2023-24,118044,6154,3214,6154,0,0,0,0,3214,0,0
North Carolina,Season 2023-24 ,493,187,30,5,150,32,0,0,0,30,0
North Carolina,Season 2024-25,69667,8675,56,7713,491,471,0,0,55,1,0
North Carolina,Season 2025-26,4877,524,5,524,0,0,0,0,5,0,0
North Dakota,Season 2010-11,3893,604,219,446,86,72,0,0,219,0,0
North Dakota,Season 2011-12,108,63,6,0,12,51,0,0,6,0,0
North Dakota,Season 2012-13,4182,639,296,454,10,175,0,0,296,0,0
North Dakota,Season 2013-14,2944,538,52,375,138,25,0,0,52,0,0
North Dakota,Season 2014-15,1253,346,113,126,23,197,0,0,113,0,0
North Dakota,Season 2015-16,1477,279,69,102,146,31,0,0,23,11,35
North Dakota,Season 2016-17,3473,570,448,192,26,351,1,0,133,37,278
North Dakota,Season 2017-18,5853,1556,528,865,72,619,0,0,282,32,214
North Dakota,Season 2018-19,9079,2621,98,1860,556,205,0,0,41,50,7
North Dakota,Season 2019-20,13632,2255,1833,1957,278,20,0,0,1447,384,2
North Dakota,Season 2020-21,605,45,81,42,1,2,0,0,80,1,0
North Dakota,Season 2021-22,1635,236,0,6,0,230,0,0,0,0,0
North Dakota,Season 2022-23,467,257,1,1,82,174,0,0,0,1,0
North Dakota,Season 2023-24,13404,1304,657,1304,0,0,0,0,657,0,0
North Dakota,Season 2023-24 ,681,300,195,12,209,79,0,0,7,188,0
North Dakota,Season 2024-25,7524,1772,27,1378,307,87,0,0,27,0,0
North Dakota,Season 2025-26,512,116,0,116,0,0,0,0,0,0,0
Ohio,Season 2010-11,3270,332,128,165,112,55,0,0,128,0,0
Ohio,Season 2011-12,2619,132,16,42,5,85,0,0,16,0,0
Ohio,Season 2012-13,3105,685,294,236,7,442,0,0,294,0,0
Ohio,Season 2013-14,3204,694,50,341,282,71,0,0,50,0,0
Ohio,Season 2014-15,20932,3558,528,2265,14,1279,0,0,528,0,0
Ohio,Season 2015-16,33017,2669,915,2167,371,125,6,0,828,45,42
Ohio,Season 2016-17,72910,7582,4856,6722,13,832,15,0,4619,64,173
Ohio,Season 2017-18,104967,16096,6265,14985,189,922,0,0,6061,5,199
Ohio,Season 2018-19,92547,16724,470,15005,751,968,0,0,454,7,9
Ohio,Season 2019-20,118825,13382,11380,12430,936,16,0,0,10987,393,0
Ohio,Season 2020-21,51722,441,1057,440,0,1,0,0,1057,0,0
Ohio,Season 2021-22,231556,12008,221,10926,17,1064,1,0,217,4,0
Ohio,Season 2022-23,200000,27002,320,25869,752,381,0,0,294,26,0
Ohio,Season 2023-24,274850,21583,13240,21583,0,0,0,0,13240,0,0
Ohio,Season 2023-24 ,1133,877,178,3,532,342,0,0,4,174,0
Ohio,Season 2024-25,158178,22198,187,20983,628,586,0,1,187,0,0
Ohio,Season 2025-26,10479,1581,19,1581,0,0,0,0,19,0,0
Oklahoma,Season 2010-11,3303,598,325,315,18,265,0,0,325,0,0
Oklahoma,Season 2011-12,1864,293,4,81,192,20,0,0,4,0,0
Oklahoma,Season 2012-13,4426,484,257,103,8,373,0,0,257,0,0
Oklahoma,Season 2013-14,5813,726,67,154,464,108,0,0,67,0,0
Oklahoma,Season 2014-15,8883,1104,300,545,77,482,0,0,300,0,0
Oklahoma,Season 2015-16,7684,260,159,163,27,70,0,0,145,3,11
Oklahoma,Season 2016-17,9675,855,393,608,27,220,0,0,328,3,62
Oklahoma,Season 2017-18,13848,1639,612,1326,100,213,0,0,548,4,60
Oklahoma,Season 2018-19,12274,1343,41,1106,79,158,0,0,33,6,2
Oklahoma,Season 2019-20,12231,1030,891,814,213,3,0,0,834,57,0
Oklahoma,Season 2020-21,21348,19,124,19,0,0,0,0,124,0,0
Oklahoma,Season 2021-22,25718,1202,0,1161,0,41,0,0,0,0,0
Oklahoma,Season 2022-23,16516,1556,5,1500,24,32,0,0,3,2,0
Oklahoma,Season 2023-24,35040,1819,1858,1819,0,0,0,0,1858,0,0
Oklahoma,Season 2023-24 ,261,18,6,2,7,9,0,0,0,6,0
Oklahoma,Season 2024-25,13500,2094,9,1988,29,77,0,0,6,3,0
Oklahoma,Season 2025-26,822,99,1,99,0,0,0,0,1,0,0
Oregon,Season 2010-11,954,344,24,12,166,166,0,0,24,0,0
Oregon,Season 2011-12,829,330,24,0,71,259,0,0,24,0,0
Oregon,Season 2012-13,1280,484,88,1,19,464,0,0,88,0,0
Oregon,Season 2013-14,856,393,10,1,351,41,0,0,10,0,0
Oregon,Season 2014-15,9661,1775,161,236,95,1444,0,0,161,0,0
Oregon,Season 2015-16,12639,1074,1001,749,67,258,0,0,997,0,4
Oregon,Season 2016-17,19233,3920,435,3673,1,246,0,0,435,0,0
Oregon,Season 2017-18,26962,3692,2877,3371,136,185,0,0,2873,0,4
Oregon,Season 2018-19,26469,6103,79,5687,171,245,0,0,79,0,0
Oregon,Season 2019-20,66949,4271,6607,4139,126,6,0,0,6546,60,1
Oregon,Season 2020-21,98408,219,978,219,0,0,0,0,976,1,1
Oregon,Season 2021-22,156653,3179,234,2975,1,203,0,0,234,0,0
Oregon,Season 2022-23,191146,18981,125,17719,381,881,0,0,124,1,0
Oregon,Season 2023-24,73973,3988,1411,3988,0,0,0,0,1411,0,0
Oregon,Season 2023-24 ,6339,375,134,20,245,110,0,0,2,132,0
Oregon,Season 2024-25,54717,9960,235,8421,633,904,0,2,235,0,0
Oregon,Season 2025-26,4086,897,3,897,0,0,0,0,3,0,0
Pennsylvania,Season 2010-11,8928,2220,382,89,790,1341,0,0,382,0,0
Pennsylvania,Season 2011-12,5817,265,172,7,68,190,0,0,172,0,0
Pennsylvania,Season 2012-13,7942,1521,681,16,104,1401,0,0,681,0,0
Pennsylvania,Season 2013-14,6637,1346,315,19,933,394,0,0,315,0,0
Pennsylvania,Season 2014-15,21922,3067,418,1582,71,1414,0,0,418,0,0
Pennsylvania,Season 2015-16,24582,2037,837,1600,228,209,0,0,659,63,115
Pennsylvania,Season 2016-17,22720,2907,973,2369,4,533,1,0,874,49,50
Pennsylvania,Season 2017-18,26427,3176,1976,2598,85,493,0,0,1709,40,227
Pennsylvania,Season 2018-19,19101,3459,103,2731,370,358,0,0,100,2,1
Pennsylvania,Season 2019-20,22221,2486,2293,2184,255,47,0,0,2258,34,1
Pennsylvania,Season 2020-21,116281,94,254,92,1,1,0,0,253,1,0
Pennsylvania,Season 2021-22,210008,3343,28,2356,5,982,0,0,28,0,0
Pennsylvania,Season 2022-23,95550,5916,74,5332,232,352,0,0,39,35,0
Pennsylvania,Season 2023-24,29563,2884,1337,2884,0,0,0,0,1337,0,0
Pennsylvania,Season 2023-24 ,16757,765,174,52,522,191,0,0,10,164,0
Pennsylvania,Season 2024-25,31413,5113,115,4315,357,441,0,0,94,21,0
Pennsylvania,Season 2025-26,2180,413,2,413,0,0,0,0,2,0,0
Puerto Rico,Season 2012-13,472,321,79,0,94,227,0,0,79,0,0
Puerto Rico,Season 2013-14,462,219,46,0,153,66,0,0,46,0,0
Puerto Rico,Season 2014-15,718,422,70,0,35,387,0,0,70,0,0
Puerto Rico,Season 2015-16,1020,380,228,4,183,193,0,0,33,53,142
Puerto Rico,Season 2016-17,642,413,95,0,2,411,0,0,19,52,24
Puerto Rico,Season 2017-18,724,465,155,0,33,432,0,0,4,9,142
Puerto Rico,Season 2018-19,1314,953,12,0,548,405,0,0,10,0,2
Puerto Rico,Season 2019-20,758,388,130,0,336,52,0,0,59,65,6
Puerto Rico,Season 2020-21,206,0,0,0,0,0,0,0,0,0,0
Puerto Rico,Season 2021-22,520,200,0,0,1,199,0,0,0,0,0
Puerto Rico,Season 2022-23,624,322,48,19,41,262,0,0,0,48,0
Puerto Rico,Season 2023-24 ,434,237,53,4,185,48,0,0,0,53,0
Puerto Rico,Season 2024-25,117,93,4,1,32,60,0,0,2,2,0
Rhode Island,Season 2015-16,397,128,37,0,109,19,0,0,1,5,31
Rhode Island,Season 2016-17,447,146,69,0,3,143,0,0,0,3,66
Rhode Island,Season 2017-18,440,149,39,0,13,136,0,0,0,1,38
Rhode Island,Season 2018-19,339,129,6,3,91,35,0,0,1,4,1
Rhode Island,Season 2019-20,307,100,35,3,81,16,0,0,5,30,0
Rhode Island,Season 2020-21,1660,1,0,0,1,0,0,0,0,0,0
Rhode Island,Season 2021-22,11237,728,8,242,0,486,0,0,0,8,0
Rhode Island,Season 2022-23,14622,1613,35,1383,59,171,0,0,2,33,0
Rhode Island,Season 2023-24 ,4184,475,111,247,181,47,0,0,31,80,0
Rhode Island,Season 2024-25,3711,1558,88,336,531,691,0,0,85,3,0
South Carolina,Season 2010-11,8002,721,246,491,92,138,0,0,246,0,0
South Carolina,Season 2011-12,3008,107,20,28,38,41,0,0,20,0,0
South Carolina,Season 2012-13,6822,1122,281,871,26,225,0,0,281,0,0
South Carolina,Season 2013-14,4413,733,114,536,176,21,0,0,114,0,0
South Carolina,Season 2014-15,12933,1365,329,951,14,400,0,0,329,0,0
South Carolina,Season 2015-16,12602,855,267,610,101,144,0,0,243,17,7
South Carolina,Season 2016-17,14118,1197,712,924,10,263,0,0,621,55,36
South Carolina,Season 2017-18,20533,2306,819,2048,55,203,0,0,757,2,60
South Carolina,Season 2018-19,16613,1821,42,1491,108,222,0,0,34,8,0
South Carolina,Season 2019-20,17275,1734,1062,1227,489,18,0,0,776,280,6
South Carolina,Season 2020-21,14132,135,121,135,0,0,0,0,121,0,0
South Carolina,Season 2021-22,37753,1808,42,1772,0,36,0,0,42,0,0
South Carolina,Season 2022-23,61199,4276,94,4110,69,97,0,0,92,2,0
South Carolina,Season 2023-24,55782,2993,1726,2993,0,0,0,0,1726,0,0
South Carolina,Season 2023-24 ,917,322,263,23,269,30,0,0,17,246,0
South Carolina,Season 2024-25,9418,1417,5,1102,158,157,0,0,5,0,0
South Carolina,Season 2025-26,594,77,0,77,0,0,0,0,0,0,0
South Dakota,Season 2010-11,1533,405,365,15,50,340,0,0,365,0,0
South Dakota,Season 2011-12,3082,491,14,79,14,398,0,0,14,0,0
South Dakota,Season 2012-13,4265,526,235,145,8,373,0,0,235,0,0
South Dakota,Season 2013-14,3945,589,65,83,422,84,0,0,65,0,0
South Dakota,Season 2014-15,7949,1136,407,113,67,956,0,0,407,0,0
South Dakota,Season 2015-16,6819,645,181,257,260,128,0,0,93,47,41
South Dakota,Season 2016-17,8328,1098,549,597,22,479,0,0,279,64,206
South Dakota,Season 2017-18,3368,638,274,84,40,514,0,0,60,24,190
South Dakota,Season 2018-19,3741,798,31,119,307,372,0,0,10,18,3
South Dakota,Season 2019-20,4594,645,574,108,531,6,0,0,90,481,3
South Dakota,Season 2020-21,2364,1,5,1,0,0,0,0,5,0,0
South Dakota,Season 2021-22,34853,3092,22,1989,1,1102,0,0,22,0,0
South Dakota,Season 2022-23,3177,406,18,144,164,98,0,0,6,12,0
South Dakota,Season 2023-24,3138,77,60,77,0,0,0,0,60,0,0
South Dakota,Season 2023-24 ,677,320,271,29,135,156,0,0,12,259,0
South Dakota,Season 2024-25,2863,745,9,154,335,256,0,0,9,0,0
South Dakota,Season 2025-26,127,8,0,8,0,0,0,0,0,0,0
Tennessee,Season 2010-11,3390,429,345,3,283,143,0,0,345,0,0
Tennessee,Season 2011-12,831,93,3,0,11,82,0,0,3,0,0
Tennessee,Season 2012-13,1664,380,146,0,15,365,0,0,146,0,0
Tennessee,Season 2013-14,3834,496,29,44,427,25,0,0,29,0,0
Tennessee,Season 2014-15,12776,1609,349,1097,59,453,0,0,349,0,0
Tennessee,Season 2015-16,11008,554,431,354,114,86,0,0,431,0,0
Tennessee,Season 2016-17,10828,971,476,597,24,350,0,0,464,3,9
Tennessee,Season 2017-18,13279,1568,654,1354,2,212,0,0,651,0,3
Tennessee,Season 2018-19,5876,598,84,344,56,198,0,0,83,1,0
Tennessee,Season 2019-20,4733,541,280,276,260,5,0,0,163,116,1
Tennessee,Season 2020-21,1571,17,30,17,0,0,0,0,30,0,0
Tennessee,Season 2021-22,3392,357,2,208,1,148,0,0,2,0,0
Tennessee,Season 2022-23,4711,749,60,496,130,123,0,0,56,4,0
Tennessee,Season 2023-24,4629,217,214,217,0,0,0,0,214,0,0
Tennessee,Season 2023-24 ,564,156,69,5,77,74,0,0,4,65,0
Tennessee,Season 2024-25,2662,2063,1,1372,240,451,0,0,1,0,0
Texas,Season 2010-11,24005,3187,1353,1404,328,1455,0,0,1353,0,0
Texas,Season 2011-12,20078,1155,215,730,329,96,0,0,215,0,0
Texas,Season 2012-13,33437,3340,2942,2197,40,1103,0,0,2942,0,0
Texas,Season 2013-14,37822,5123,1183,3429,1370,324,0,0,1183,0,0
Texas,Season 2014-15,59649,9018,2121,6541,247,2230,0,0,2121,0,0
Texas,Season 2015-16,58682,3325,2644,2826,125,374,0,0,2508,53,83
Texas,Season 2016-17,72608,6944,2735,6498,49,397,0,0,2585,35,115
Texas,Season 2017-18,111120,17134,9532,16792,79,263,0,0,9452,2,78
Texas,Season 2018-19,101127,17297,2009,16630,228,439,0,0,1953,44,12
Texas,Season 2019-20,124571,15053,13012,14474,555,24,0,0,12823,189,0
Texas,Season 2020-21,76084,763,1731,760,0,3,0,0,1726,5,0
Texas,Season 2021-22,248734,15731,208,15032,1,698,0,0,205,3,0
Texas,Season 2022-23,303955,33689,1157,33233,193,263,0,0,1149,8,0
Texas,Season 2023-24,306477,26673,15347,26673,0,0,0,0,15347,0,0
Texas,Season 2023-24 ,4051,518,305,13,338,167,0,0,9,296,0
Texas,Season 2024-25,132476,26090,422,24667,496,927,0,0,421,1,0
Texas,Season 2025-26,9135,2107,35,2107,0,0,0,0,35,0,0
Utah,Season 2010-11,15139,2432,826,733,495,1204,0,0,826,0,0
Utah,Season 2011-12,11810,1824,77,242,1012,570,0,0,77,0,0
Utah,Season 2012-13,20274,2268,1519,816,68,1384,0,0,1519,0,0
Utah,Season 2013-14,17992,1936,420,651,963,322,0,0,420,0,0
Utah,Season 2014-15,24741,3262,586,793,196,2273,0,0,586,0,0
Utah,Season 2015-16,25424,2228,1625,1630,247,351,0,0,1249,31,345
Utah,Season 2016-17,27411,3222,426,2351,8,863,0,0,253,45,128
Utah,Season 2017-18,33271,3964,2331,3259,85,620,0,0,2011,71,249
Utah,Season 2018-19,34728,6668,285,5874,389,405,0,0,275,9,1
Utah,Season 2019-20,37720,5048,3163,4513,513,22,0,0,2879,278,6
Utah,Season 2020-21,6334,177,327,176,0,1,0,0,325,2,0
Utah,Season 2021-22,1255,713,0,0,1,712,0,0,0,0,0
Utah,Season 2022-23,1119,511,35,0,190,321,0,0,0,35,0
Utah,Season 2023-24 ,1224,518,221,0,365,153,0,0,1,220,0
Utah,Season 2024-25,847,405,1,0,124,281,0,0,0,1,0
Vermont,Season 2010-11,144,98,12,0,49,49,0,0,12,0,0
Vermont,Season 2011-12,53,40,1,0,3,37,0,0,1,0,0
Vermont,Season 2012-13,103,56,8,0,0,56,0,0,8,0,0
Vermont,Season 2013-14,128,79,1,0,66,13,0,0,1,0,0
Vermont,Season 2014-15,5698,586,188,206,7,373,0,0,188,0,0
Vermont,Season 2015-16,6903,480,128,328,73,79,0,0,127,0,1
Vermont,Season 2016-17,5184,701,240,465,3,233,0,0,238,0,2
Vermont,Season 2017-18,8256,1468,465,1290,22,156,0,0,465,0,0
Vermont,Season 2018-19,6604,1363,75,1010,214,139,0,0,70,4,1
Vermont,Season 2019-20,7236,792,528,686,80,26,0,0,499,29,0
Vermont,Season 2020-21,5269,25,34,25,0,0,0,0,34,0,0
Vermont,Season 2021-22,12084,657,7,579,0,78,0,0,7,0,0
Vermont,Season 2022-23,15156,1647,15,1550,15,82,0,0,15,0,0
Vermont,Season 2023-24,16277,1308,125,1308,0,0,0,0,125,0,0
Vermont,Season 2023-24 ,443,326,44,13,197,116,0,0,1,43,0
Vermont,Season 2024-25,10618,1962,57,1781,124,57,0,0,47,10,0
Vermont,Season 2025-26,691,91,2,91,0,0,0,0,2,0,0
Virgin Islands,Season 2010-11,0,0,0,0,0,0,0,0,0,0,0
Virgin Islands,Season 2011-12,0,0,0,0,0,0,0,0,0,0,0
Virgin Islands,Season 2012-13,0,0,0,0,0,0,0,0,0,0,0
Virgin Islands,Season 2013-14,0,0,0,0,0,0,0,0,0,0,0
Virgin Islands,Season 2014-15,0,0,0,0,0,0,0,0,0,0,0
Virgin Islands,Season 2015-16,0,0,0,0,0,0,0,0,0,0,0
Virginia,Season 2010-11,3658,530,190,308,112,110,0,0,190,0,0
Virginia,Season 2011-12,2144,78,17,20,12,46,0,0,17,0,0
Virginia,Season 2012-13,4283,698,312,367,8,323,0,0,312,0,0
Virginia,Season 2013-14,4528,663,92,120,476,67,0,0,92,0,0
Virginia,Season 2014-15,9408,1304,210,1052,36,216,0,0,210,0,0
Virginia,Season 2015-16,9281,959,326,646,269,44,0,0,317,4,5
Virginia,Season 2016-17,11387,1970,624,1276,17,677,0,0,460,26,138
Virginia,Season 2017-18,19409,2991,1411,2275,183,533,0,0,1151,34,226
Virginia,Season 2018-19,17599,2987,125,2002,490,495,0,0,89,18,18
Virginia,Season 2019-20,16811,1700,1415,1091,581,28,0,0,946,458,11
Virginia,Season 2020-21,13337,42,57,42,0,0,0,0,57,0,0
Virginia,Season 2021-22,43324,820,14,727,2,91,0,0,14,0,0
Virginia,Season 2022-23,61741,4477,36,4318,41,118,0,0,35,1,0
Virginia,Season 2023-24,51679,2923,1362,2923,0,0,0,0,1362,0,0
Virginia,Season 2023-24 ,1332,243,48,7,156,80,0,0,1,47,0
Virginia,Season 2024-25,24882,3526,59,3012,276,238,0,0,58,1,0
Virginia,Season 2025-26,1388,247,2,247,0,0,0,0,2,0,0
Washington,Season 2010-11,9229,771,55,180,315,276,0,0,55,0,0
Washington,Season 2011-12,9881,610,698,36,195,379,0,0,698,0,0
Washington,Season 2012-13,12085,1584,207,208,40,1336,0,0,207,0,0
Washington,Season 2013-14,11231,1273,101,122,911,240,0,0,101,0,0
Washington,Season 2014-15,13979,1628,287,190,186,1252,0,0,287,0,0
Washington,Season 2015-16,15538,1201,994,707,218,276,0,0,814,52,128
Washington,Season 2016-17,28972,3700,483,3148,18,534,0,0,421,9,53
Washington,Season 2017-18,45641,4243,3206,3915,97,231,0,0,3070,4,132
Washington,Season 2018-19,45111,7499,189,6951,299,249,0,0,179,6,4
Washington,Season 2019-20,47744,3167,3152,2853,277,37,0,0,2942,207,3
Washington,Season 2020-21,23164,114,340,114,0,0,0,0,340,0,0
Washington,Season 2021-22,99655,1809,23,1419,2,388,0,0,23,0,0
Washington,Season 2022-23,170403,15244,144,14356,292,596,0,0,114,30,0
Washington,Season 2023-24,153015,7201,1679,7201,0,0,0,0,1679,0,0
Washington,Season 2023-24 ,1974,471,70,50,318,103,0,0,14,56,0
Washington,Season 2024-25,58064,7452,713,6710,336,392,0,14,710,3,0
Washington,Season 2025-26,3925,562,29,562,0,0,0,0,29,0,0
West Virginia,Season 2010-11,7947,892,86,406,262,224,0,0,86,0,0
West Virginia,Season 2011-12,5350,203,4,35,10,158,0,0,4,0,0
West Virginia,Season 2012-13,11127,1473,661,0,27,1446,0,0,661,0,0
West Virginia,Season 2013-14,10090,1106,34,0,909,197,0,0,34,0,0
West Virginia,Season 2014-15,17218,1727,256,690,106,931,0,0,256,0,0
West Virginia,Season 2015-16,17015,809,642,484,169,156,0,0,637,0,5
West Virginia,Season 2016-17,19361,1285,737,923,2,360,0,0,736,0,1
West Virginia,Season 2017-18,27457,2740,1033,2400,64,276,0,0,862,37,134
West Virginia,Season 2018-19,25328,2951,83,2410,307,234,0,0,65,3,15
West Virginia,Season 2019-20,24356,1650,1843,1456,193,1,0,0,1671,172,0
West Virginia,Season 2020-21,29006,33,107,33,0,0,0,0,107,0,0
West Virginia,Season 2021-22,49648,1811,10,1562,14,232,3,0,10,0,0
West Virginia,Season 2022-23,52684,4607,38,4133,221,253,0,0,23,15,0
West Virginia,Season 2023-24,33267,695,626,695,0,0,0,0,626,0,0
West Virginia,Season 2023-24 ,971,548,237,12,330,206,0,0,13,224,0
West Virginia,Season 2024-25,19604,1466,14,1051,214,201,0,0,12,2,0
West Virginia,Season 2025-26,733,94,1,94,0,0,0,0,1,0,0
Wisconsin,Season 2010-11,6388,1669,310,105,749,815,0,0,310,0,0
Wisconsin,Season 2011-12,3974,708,159,48,53,607,0,0,159,0,0
Wisconsin,Season 2012-13,3403,1013,350,29,18,966,0,0,350,0,0
Wisconsin,Season 2013-14,3458,864,73,94,585,185,0,0,73,0,0
Wisconsin,Season 2014-15,5834,1595,418,123,64,1407,1,0,418,0,0
Wisconsin,Season 2015-16,36477,4362,622,3425,750,187,0,0,480,68,74
Wisconsin,Season 2016-17,44472,5934,3216,4892,31,1011,0,0,2869,86,261
Wisconsin,Season 2017-18,72045,12478,4491,11296,125,1057,0,0,4105,12,374
Wisconsin,Season 2018-19,61509,10811,485,9983,412,416,0,0,431,26,28
Wisconsin,Season 2019-20,87394,11549,8710,11015,441,93,0,0,8090,610,10
Wisconsin,Season 2020-21,121165,212,443,208,1,2,1,0,443,0,0
Wisconsin,Season 2021-22,356421,20997,343,20389,5,603,0,0,342,1,0
Wisconsin,Season 2022-23,365982,48377,643,47645,165,567,0,0,628,15,0
Wisconsin,Season 2023-24,335982,27535,13067,27535,0,0,0,0,13067,0,0
Wisconsin,Season 2023-24 ,3608,854,194,68,476,310,0,0,11,183,0
Wisconsin,Season 2024-25,232911,42487,631,40918,1071,497,0,1,599,32,0
Wisconsin,Season 2025-26,16193,2479,23,2479,0,0,0,0,23,0,0
Wyoming,Season 2010-11,968,157,48,20,42,95,0,0,48,0,0
Wyoming,Season 2011-12,613,100,5,12,22,66,0,0,5,0,0
Wyoming,Season 2012-13,1047,216,117,20,11,185,0,0,117,0,0
Wyoming,Season 2013-14,930,250,20,10,208,32,0,0,20,0,0
Wyoming,Season 2014-15,1099,287,102,17,22,248,0,0,102,0,0
Wyoming,Season 2015-16,1662,292,69,125,104,63,0,0,26,1,42
Wyoming,Season 2016-17,839,278,42,3,2,273,0,0,12,1,29
Wyoming,Season 2017-18,767,190,128,9,39,142,0,0,19,2,107
Wyoming,Season 2018-19,349,171,11,1,91,79,0,0,4,3,4
Wyoming,Season 2019-20,7585,185,152,134,50,1,0,0,127,25,0
Wyoming,Season 2020-21,126042,61,22,61,0,0,0,0,20,2,0
Wyoming,Season 2021-22,41905,1818,11,945,0,873,0,0,11,0,0
Wyoming,Season 2022-23,3395,494,15,312,59,123,0,0,11,4,0
Wyoming,Season 2023-24,829,103,101,103,0,0,0,0,101,0,0
Wyoming,Season 2023-24 ,654,91,44,45,38,8,0,0,21,23,0
Wyoming,Season 2024-25,757,191,1,134,32,25,0,0,1,0,0
Wyoming,Season 2025-26,21,5,0,5,0,0,0,0,0,0,0
